date,geo,hashtags,id,text,type,username,state,tweet,road_closure
2019-07-31 19:57:12,,[],1156655067535224832,updated  disabled vehicle in duval on i-295 e south at dames point right lane blocked  last updated at 03 56 35pm   ,official,fl511_northeast,Florida,Updated  Disabled vehicle in Duval on I-295 E south at Dames Point right lane blocked  Last updated at 03 56 35PM   ,1
2019-07-31 19:53:12,,[],1156654059790712835,updated  disabled vehicle in duval on i-295 e south at dames point 2 right lanes blocked  last updated at    ,official,fl511_northeast,Florida,Updated  Disabled vehicle in Duval on I-295 E south at Dames Point 2 right lanes blocked  Last updated at    ,1
2019-07-31 19:49:14,,[],1156653061533851649,updated  disabled vehicle in duval on i-295 e south at dames point right lane blocked  last updated at 03 48 15pm   ,official,fl511_northeast,Florida,Updated  Disabled vehicle in Duval on I-295 E south at Dames Point right lane blocked  Last updated at 03 48 15PM   ,1
2019-07-31 19:34:13,,[],1156649282281332739,cleared  planned construction in duval on sr-105   heckscher dr east at imeson park blvd right lane blocked  last updated at 08 46 53am ,official,fl511_northeast,Florida,Cleared  Planned construction in Duval on SR-105   Heckscher Dr east at Imeson Park Blvd right lane blocked  Last updated at 08 46 53AM ,0
2019-07-31 19:34:12,,[],1156649281400520705,cleared  planned construction in duval on sr-105   heckscher dr west at imeson park blvd right lane blocked  last updated at 08 48 11am ,official,fl511_northeast,Florida,Cleared  Planned construction in Duval on SR-105   Heckscher Dr west at Imeson Park Blvd right lane blocked  Last updated at 08 48 11AM ,0
2019-07-31 19:33:16,,[],1156649045504528385,new  disabled vehicle in duval on i-295 e south at dames point right lane blocked  last updated at 03 31 12pm     ,official,fl511_northeast,Florida,New  Disabled vehicle in Duval on I-295 E south at Dames Point right lane blocked  Last updated at 03 31 12PM     ,1
2019-07-31 19:00:11,,[],1156640719492276227,cleared  object on roadway in st johns on i-95 north at exit 318 sr-16 right lane blocked  last updated at 02 57 22pm ,official,fl511_northeast,Florida,Cleared  Object on roadway in St Johns on I-95 north at Exit 318 SR-16 right lane blocked  Last updated at 02 57 22PM ,0
2019-07-31 18:58:11,,[],1156640217056632832,updated  object on roadway in st johns on i-95 north at exit 318 sr-16 right lane blocked  last updated at    ,official,fl511_northeast,Florida,Updated  Object on roadway in St Johns on I-95 north at Exit 318 SR-16 right lane blocked  Last updated at    ,1
2019-07-31 18:17:07,,[],1156629883063283712,updated  emergency road construction in st johns on i-95 south at exit 298 us-1 2 right lanes blocked  last    ,official,fl511_northeast,Florida,Updated  Emergency road construction in St Johns on I-95 south at Exit 298 US-1 2 right lanes blocked  Last    ,1
2019-07-31 18:12:24,,[],1156628692757557248,cleared  planned construction in clay on sr-21   blanding blvd south at cr-220 right lane blocked  last updated at 06 37 09am ,official,fl511_northeast,Florida,Cleared  Planned construction in Clay on SR-21   Blanding Blvd south at CR-220 right lane blocked  Last updated at 06 37 09AM ,0
2019-07-31 18:03:22,,[],1156626422187941888,updated  emergency road construction in st johns on i-95 south at exit 298 us-1 right lane blocked  last updated    ,official,fl511_northeast,Florida,Updated  Emergency road construction in St Johns on I-95 south at Exit 298 US-1 right lane blocked  Last updated    ,1
2019-07-31 17:36:22,,[],1156619627994243077,updated  planned construction in columbia on i-10 west ramp to exit 296 i-75 right lane blocked  last updated at    ,official,fl511_northeast,Florida,Updated  Planned construction in Columbia on I-10 west ramp to Exit 296 I-75 right lane blocked  Last updated at    ,1
2019-07-31 17:34:09,,[],1156619066976739334,palatka  all lanes blocked on sr-20 from oak st to st johns ave due to construction  use caution in the area   ,official,fl511_northeast,Florida,Palatka  All Lanes blocked on SR-20 from Oak St to St Johns Ave due to construction  Use caution in the area   ,1
2019-07-31 17:05:11,,[],1156611778501066753,satsuma  on us-17 at duns creek the right lane is blocked due to construction  use caution in the area    ,official,fl511_northeast,Florida,Satsuma  On US-17 at Duns Creek the right lane is blocked due to construction  Use caution in the area    ,1
2019-07-31 16:26:10,,[],1156601959820005378,cleared  vehicle on fire in st johns on i-95 south at exit 298 us-1 right lane blocked  last updated at 12 18 14pm ,official,fl511_northeast,Florida,Cleared  Vehicle on fire in St Johns on I-95 south at Exit 298 US-1 right lane blocked  Last updated at 12 18 14PM ,0
2019-07-31 16:19:08,,[],1156600191295922176,updated  vehicle on fire in st johns on i-95 south at exit 298 us-1 right lane blocked  last updated at 12 18 14pm   ,official,fl511_northeast,Florida,Updated  Vehicle on fire in St Johns on I-95 south at Exit 298 US-1 right lane blocked  Last updated at 12 18 14PM   ,1
2019-07-31 16:18:07,,[],1156599933513949184,updated  emergency vehicles in st johns on i-95 south at exit 298 us-1 right lane blocked  last updated at    ,official,fl511_northeast,Florida,Updated  Emergency vehicles in St Johns on I-95 south at Exit 298 US-1 right lane blocked  Last updated at    ,1
2019-07-31 16:10:08,,[],1156597926388477953,cleared  disabled vehicle in duval on i-295 w south beyond i-95 left lane blocked  last updated at 12 06 14pm ,official,fl511_northeast,Florida,Cleared  Disabled vehicle in Duval on I-295 W south beyond I-95 left lane blocked  Last updated at 12 06 14PM ,0
2019-07-31 16:07:05,,[],1156597158453362688,updated  disabled vehicle in duval on i-295 w south beyond i-95 left lane blocked  last updated at 12 06 14pm   ,official,fl511_northeast,Florida,Updated  Disabled vehicle in Duval on I-295 W south beyond I-95 left lane blocked  Last updated at 12 06 14PM   ,1
2019-07-31 16:06:14,,[],1156596942094458880,updated  disabled vehicle in duval on i-295 w south beyond i-95 left lane blocked  last updated at 12 05 43pm   ,official,fl511_northeast,Florida,Updated  Disabled vehicle in Duval on I-295 W south beyond I-95 left lane blocked  Last updated at 12 05 43PM   ,1
2019-07-31 16:01:08,,[],1156595659589521408,cleared  draw bridge in up position in duval on main street bridge north at st johns river all lanes blocked  last updated at 11 55 42am ,official,fl511_northeast,Florida,Cleared  Draw bridge in up position in Duval on Main Street Bridge north at St Johns River all lanes blocked  Last updated at 11 55 42AM ,0
2019-07-31 16:01:08,,[],1156595658914172928,cleared  draw bridge in up position in duval on main street bridge north at st johns river all lanes blocked  last updated at 11 55 20am ,official,fl511_northeast,Florida,Cleared  Draw bridge in up position in Duval on Main Street Bridge north at St Johns River all lanes blocked  Last updated at 11 55 20AM ,0
2019-07-31 15:56:15,,[],1156594431065300992,new  draw bridge in up position in duval on main street bridge north at st johns river all lanes blocked  last    ,official,fl511_northeast,Florida,New  Draw bridge in up position in Duval on Main Street Bridge north at St Johns River all lanes blocked  Last    ,1
2019-07-31 15:56:15,,[],1156594430264172545,new  draw bridge in up position in duval on main street bridge north at st johns river all lanes blocked  last    ,official,fl511_northeast,Florida,New  Draw bridge in up position in Duval on Main Street Bridge north at St Johns River all lanes blocked  Last    ,1
2019-07-31 15:55:07,,"[{'text': 'fl511', 'indices': [108, 114]}]",1156594144191614982,new  disabled vehicle in duval on i-295 w south beyond i-95 left lane blocked  last updated at 11 54 03am  #fl511  ,official,fl511_northeast,Florida,New  Disabled vehicle in Duval on I-295 W south beyond I-95 left lane blocked  Last updated at 11 54 03AM  #fl511  ,1
2019-07-31 15:42:24,,[],1156590946861101056,cleared  draw bridge in up position in duval on main street bridge south at st johns river all lanes blocked  last updated at 11 26 36am ,official,fl511_northeast,Florida,Cleared  Draw bridge in up position in Duval on Main Street Bridge south at St Johns River all lanes blocked  Last updated at 11 26 36AM ,0
2019-07-31 15:42:17,,[],1156590917861740544,cleared  draw bridge in up position in duval on main street bridge north at st johns river all lanes blocked  last updated at 11 26 57am ,official,fl511_northeast,Florida,Cleared  Draw bridge in up position in Duval on Main Street Bridge north at St Johns River all lanes blocked  Last updated at 11 26 57AM ,0
2019-07-31 15:38:28,,[],1156589954925039616,"national night out

one night every year neighbors come together to unite in the fight against crime  events willâ€¦  ",official,JSOPIO,Florida,"National Night Out

One night every year neighbors come together to unite in the fight against crime  Events willâ€¦  ",0
2019-07-31 15:27:11,,[],1156587115284717568,new  draw bridge in up position in duval on main street bridge south at st johns river all lanes blocked  last    ,official,fl511_northeast,Florida,New  Draw bridge in up position in Duval on Main Street Bridge south at St Johns River all lanes blocked  Last    ,1
2019-07-31 15:27:11,,[],1156587114412302336,new  draw bridge in up position in duval on main street bridge north at st johns river all lanes blocked  last    ,official,fl511_northeast,Florida,New  Draw bridge in up position in Duval on Main Street Bridge north at St Johns River all lanes blocked  Last    ,1
2019-07-31 14:05:06,,[],1156566457754558465,updated  crash involving truck in duval on i-10 west beyond mcduff right lane blocked  last updated at 10 04 54am   ,official,fl511_northeast,Florida,Updated  Crash involving truck in Duval on I-10 west beyond Mcduff right lane blocked  Last updated at 10 04 54AM   ,1
2019-07-31 13:59:26,,[],1156565032047652864,it takes a community to stick together    food is being prepared to be distributed at calloway cove apartments afteâ€¦  ,official,JFRDJAX,Florida,It takes a community to stick together    food is being prepared to be distributed at Calloway Cove apartments afteâ€¦  ,0
2019-07-31 13:49:09,,[],1156562445198090240,updated  crash in duval on i-10 west beyond mcduff right lane blocked  last updated at 09 48 44am   ,official,fl511_northeast,Florida,Updated  Crash in Duval on I-10 west beyond Mcduff right lane blocked  Last updated at 09 48 44AM   ,1
2019-07-31 13:34:20,,[],1156558717434904576,jacksonville  on university blvd north at river rd all nb lanes are closed due to a crash  use caution and seek    ,official,fl511_northeast,Florida,Jacksonville  On University Blvd North at River Rd all NB lanes are closed due to a crash  Use caution and seek    ,1
2019-07-31 13:14:10,,[],1156553642985570307,updated  emergency vehicles in st johns on i-95 south at exit 298 us-1  last updated at 09 13 25am   ,official,fl511_northeast,Florida,Updated  Emergency vehicles in St Johns on I-95 south at Exit 298 US-1  Last updated at 09 13 25AM   ,0
2019-07-31 12:49:10,,[],1156547351722582016,new  planned construction in duval on sr-105   heckscher dr west at imeson park blvd right lane blocked  last    ,official,fl511_northeast,Florida,New  Planned construction in Duval on SR-105   Heckscher Dr west at Imeson Park Blvd right lane blocked  Last    ,1
2019-07-31 12:47:05,,[],1156546825735852032,new  planned construction in duval on sr-105   heckscher dr east at imeson park blvd right lane blocked  last    ,official,fl511_northeast,Florida,New  Planned construction in Duval on SR-105   Heckscher Dr east at Imeson Park Blvd right lane blocked  Last    ,1
2019-07-31 12:43:23,,[],1156545894076096512,   there will be lane closures on us-1 between sr-206 and i-95  use caution in the area   ,official,fl511_northeast,Florida,   There will be lane closures on US-1 between SR-206 and I-95  Use caution in the area   ,1
2019-07-31 12:15:02,,[],1156538759481057281,jacksonville  there is construction on new kings rd between old kings rd and ratliff rd and between woodly rd and    ,official,fl511_northeast,Florida,Jacksonville  There is construction On New Kings Rd between Old Kings Rd and Ratliff Rd and between Woodly Rd and    ,0
2019-07-31 11:38:18,,[],1156529515721568260,updated  vehicle on fire in st johns on i-95 south at exit 298 us-1 2 right lanes blocked  last updated at    ,official,fl511_northeast,Florida,Updated  Vehicle on fire in St Johns on I-95 south at Exit 298 US-1 2 right lanes blocked  Last updated at    ,1
2019-07-31 11:27:06,,[],1156526699259015168,new  vehicle on fire in st johns on i-95 south at exit 298 us-1 2 right lanes blocked  last updated at    ,official,fl511_northeast,Florida,New  Vehicle on fire in St Johns on I-95 south at Exit 298 US-1 2 right lanes blocked  Last updated at    ,1
2019-07-31 11:26:52,,"[{'text': 'ANJTraffic', 'indices': [54, 65]}]",1156526640056418304,725a- big 3 travel times   i 10 starting to slow down #anjtraffic  actionnewsjax  wokvnews  ,official,ActionTraffic,Florida,725a- BIG 3 travel times   I 10 starting to slow down #ANJTraffic  ActionNewsJax  WOKVNews  ,1
2019-07-31 11:03:08,,[],1156520665962426368,updated  emergency vehicles in st johns on i-95 south ramp to exit 298 us-1 2 right lanes blocked  last updated    ,official,fl511_northeast,Florida,Updated  Emergency vehicles in St Johns on I-95 south ramp to Exit 298 US-1 2 right lanes blocked  Last updated    ,1
2019-07-31 10:46:05,,[],1156516376539992064,updated  emergency vehicles in st johns on i-95 south ramp to exit 298 us-1 off-ramp closed 2 right lanes    ,official,fl511_northeast,Florida,Updated  Emergency vehicles in St Johns on I-95 south ramp to Exit 298 US-1 off-ramp closed 2 right lanes    ,1
2019-07-31 10:45:12,,[],1156516153193316352,cleared  vehicle on fire in st johns on i-95 south beyond us-1 all lanes blocked  last updated at 06 42 24am ,official,fl511_northeast,Florida,Cleared  Vehicle on fire in St Johns on I-95 south beyond US-1 all lanes blocked  Last updated at 06 42 24AM ,0
2019-07-31 10:44:08,,[],1156515885248581632,updated  emergency vehicles in st johns on i-95 south at exit 298 us-1 2 right lanes blocked  last updated at    ,official,fl511_northeast,Florida,Updated  Emergency vehicles in St Johns on I-95 south at Exit 298 US-1 2 right lanes blocked  Last updated at    ,1
2019-07-31 10:43:51,,"[{'text': 'ANJTraffic', 'indices': [102, 113]}]",1156515811760193536,640a- update- 95 sb at us 1 bunnell exit    left lane now open  traffic still backed up about 2 miles #anjtrafficâ€¦  ,official,ActionTraffic,Florida,640a- UPDATE- 95 SB at US 1 Bunnell exit    Left lane now open  traffic still backed up about 2 miles #ANJTrafficâ€¦  ,0
2019-07-31 10:43:10,,[],1156515642478092289,updated  vehicle on fire in st johns on i-95 south beyond us-1 all lanes blocked  last updated at 06 42 24am   ,official,fl511_northeast,Florida,Updated  Vehicle on fire in St Johns on I-95 south beyond US-1 all lanes blocked  Last updated at 06 42 24AM   ,1
2019-07-31 10:38:03,,[],1156514355413999616,new  planned construction in clay on sr-21   blanding blvd south at cr-220 right lane blocked  last updated at    ,official,fl511_northeast,Florida,New  Planned construction in Clay on SR-21   Blanding Blvd south at CR-220 right lane blocked  Last updated at    ,1
2019-07-31 10:31:15,,[],1156512643559165955,updated  vehicle on fire in st johns on i-95 south beyond us-1 all lanes blocked  last updated at 06 30 38am   ,official,fl511_northeast,Florida,Updated  Vehicle on fire in St Johns on I-95 south beyond US-1 all lanes blocked  Last updated at 06 30 38AM   ,1
2019-07-31 10:16:13,,[],1156508857377722370,updated  planned construction in alachua on i-75 south ramp to exit 384 sr-24 off-ramp left lanes blocked  last    ,official,fl511_northeast,Florida,Updated  Planned construction in Alachua on I-75 south ramp to Exit 384 SR-24 off-ramp left lanes blocked  Last    ,1
2019-07-31 10:05:02,,[],1156506046556454913,6am- detour in place 95 sb at us 1 bunnell exit due to the semi car carrier that was fully engulfed in flames   cleâ€¦  ,official,ActionTraffic,Florida,6am- Detour in place 95 SB at US 1 Bunnell Exit due to the Semi Car Carrier that was fully engulfed in flames   cleâ€¦  ,0
2019-07-31 09:38:45,,[],1156499429395980289,rt  wxgarrett   actiontraffic is tracking a road closure for i-95 southbound near the st  johns county   flagler county line  tune into cbsâ€¦,official,ActionTraffic,Florida,RT  wxgarrett   ActionTraffic is tracking a road closure for I-95 southbound near the St  Johns county   Flagler county line  Tune into CBSâ€¦,1
2019-07-31 09:29:27,,[],1156497091268632576,updated  vehicle on fire in st johns on i-95 south beyond us-1 all lanes blocked  last updated at 05 28 10am   ,official,fl511_northeast,Florida,Updated  Vehicle on fire in St Johns on I-95 south beyond US-1 all lanes blocked  Last updated at 05 28 10AM   ,1
2019-07-31 09:10:56,,[],1156492430897819648,hillsborough county  there is limited visibility due to fog in hillsborough county  please drive with caution   ,official,fl511_northeast,Florida,Hillsborough County  There is limited visibility due to fog in Hillsborough County  Please drive with caution   ,0
2019-07-31 09:09:05,,"[{'text': 'ANJTraffic', 'indices': [96, 107]}]",1156491963073466369,507am- vehicle fire 95 sb at us 1 bunnell exit    sb lanes shut down and traffic being detoured #anjtrafficâ€¦  ,official,ActionTraffic,Florida,507am- Vehicle Fire 95 SB at US 1 Bunnell Exit    SB lanes shut down and traffic being detoured #ANJTrafficâ€¦  ,0
2019-07-31 09:07:07,,[],1156491469580046336,updated  vehicle on fire in st johns on i-95 south beyond us-1 all lanes blocked  last updated at 05 03 10am   ,official,fl511_northeast,Florida,Updated  Vehicle on fire in St Johns on I-95 south beyond US-1 all lanes blocked  Last updated at 05 03 10AM   ,1
2019-07-31 09:07:07,,[],1156491469072601088,updated  emergency vehicles in st johns on i-95 south at exit 298 us-1 all lanes blocked  last updated at    ,official,fl511_northeast,Florida,Updated  Emergency vehicles in St Johns on I-95 south at Exit 298 US-1 all lanes blocked  Last updated at    ,1
2019-07-31 09:02:06,,[],1156490206863925248,cleared  planned construction in duval on i-95 north beyond atlantic blvd 2 right lanes blocked  last updated at 12 10 56am ,official,fl511_northeast,Florida,Cleared  Planned construction in Duval on I-95 north beyond Atlantic Blvd 2 right lanes blocked  Last updated at 12 10 56AM ,0
2019-07-31 09:02:06,,[],1156490206348005376,cleared  planned construction in duval on i-295 e south beyond n main st us-17 right lane blocked  last updated at 12 10 40am ,official,fl511_northeast,Florida,Cleared  Planned construction in Duval on I-295 E south beyond N Main St US-17 right lane blocked  Last updated at 12 10 40AM ,0
2019-07-31 08:58:15,,[],1156489238927630337,cleared  planned construction in duval on sr-202   butler blvd east at gate pkwy all lanes blocked  last updated at 12 12 01am ,official,fl511_northeast,Florida,Cleared  Planned construction in Duval on SR-202   Butler Blvd east at Gate Pkwy all lanes blocked  Last updated at 12 12 01AM ,0
2019-07-31 08:58:15,,[],1156489238386479105,cleared  planned construction in duval on sr-202   butler blvd east ramp from gate pkwy on-ramp closed  last updated at 12 10 47am ,official,fl511_northeast,Florida,Cleared  Planned construction in Duval on SR-202   Butler Blvd east ramp from Gate Pkwy on-ramp closed  Last updated at 12 10 47AM ,0
2019-07-31 08:50:04,,[],1156487179394310145,cleared  planned construction in duval on i-295 w north at exit 33 duval rd right lane blocked  last updated at 09 16 20pm ,official,fl511_northeast,Florida,Cleared  Planned construction in Duval on I-295 W north at Exit 33 Duval Rd right lane blocked  Last updated at 09 16 20PM ,0
2019-07-31 08:48:08,,[],1156486691684851713,cleared  planned construction in duval on i-295 e south ramp to exit 53 butler off-ramp closed  last updated at 12 10 24am ,official,fl511_northeast,Florida,Cleared  Planned construction in Duval on I-295 E south ramp to Exit 53 Butler off-ramp closed  Last updated at 12 10 24AM ,0
2019-07-31 08:48:08,,[],1156486691089244165,cleared  planned construction in duval on i-295 e north ramp to exit 53 butler all lanes blocked  last updated at 12 11 25am ,official,fl511_northeast,Florida,Cleared  Planned construction in Duval on I-295 E north ramp to Exit 53 Butler all lanes blocked  Last updated at 12 11 25AM ,0
2019-07-31 08:46:41,,[],1156486325144625152,new  emergency vehicles in st johns on i-95 south at exit 298 us-1 all lanes blocked  last updated at    ,official,fl511_northeast,Florida,New  Emergency vehicles in St Johns on I-95 south at Exit 298 US-1 all lanes blocked  Last updated at    ,1
2019-07-31 08:46:40,,[],1156486324645498880,updated  vehicle on fire in st johns on i-95 south beyond us-1 all lanes blocked  last updated at 04 38 20am   ,official,fl511_northeast,Florida,Updated  Vehicle on fire in St Johns on I-95 south beyond US-1 all lanes blocked  Last updated at 04 38 20AM   ,1
2019-07-31 08:46:40,,[],1156486324083482630,st augustine  all lanes of i-95 southbound at us-1 are closed due to a vehicle fire  use caution in the area and    ,official,fl511_northeast,Florida,St Augustine  All lanes of I-95 southbound at US-1 are closed due to a vehicle fire  Use caution in the area and    ,1
2019-07-31 08:27:16,,[],1156481442546954240,updated  vehicle on fire in st johns on i-95 south before us-1 all lanes blocked  last updated at 04 26 47am   ,official,fl511_northeast,Florida,Updated  Vehicle on fire in St Johns on I-95 south before US-1 all lanes blocked  Last updated at 04 26 47AM   ,1
2019-07-31 08:24:07,,[],1156480649240502273,cleared  planned construction in duval on sr-202   butler blvd west at i-295 e all lanes blocked  last updated at 12 11 35am ,official,fl511_northeast,Florida,Cleared  Planned construction in Duval on SR-202   Butler Blvd west at I-295 E all lanes blocked  Last updated at 12 11 35AM ,0
2019-07-31 08:23:09,,[],1156480403907194880,cleared  planned construction in duval on i-295 w south at exit 10 us-17 2 left lanes blocked  last updated at 02 44 44am ,official,fl511_northeast,Florida,Cleared  Planned construction in Duval on I-295 W south at Exit 10 US-17 2 left lanes blocked  Last updated at 02 44 44AM ,0
2019-07-31 08:12:08,,[],1156477631640088578,cleared  planned construction in duval on sr-21   blanding blvd south at argyle forest blvd left lane blocked  last updated at 12 10 33am ,official,fl511_northeast,Florida,Cleared  Planned construction in Duval on SR-21   Blanding Blvd south at Argyle Forest Blvd left lane blocked  Last updated at 12 10 33AM ,0
2019-07-31 08:06:08,,[],1156476123540275200,cleared  planned construction in clay on sr-21   blanding blvd north at wells rd 2 left lanes blocked  last updated at 12 09 42am ,official,fl511_northeast,Florida,Cleared  Planned construction in Clay on SR-21   Blanding Blvd north at Wells Rd 2 left lanes blocked  Last updated at 12 09 42AM ,0
2019-07-31 08:02:16,,[],1156475147899064323,cleared  planned construction in duval on i-295 w north before normandy blvd right lane blocked  last updated at 12 11 14am ,official,fl511_northeast,Florida,Cleared  Planned construction in Duval on I-295 W north before Normandy Blvd right lane blocked  Last updated at 12 11 14AM ,0
2019-07-31 07:59:10,,[],1156474368572215296,cleared  planned construction in duval on i-295 w south before duval rd right lane blocked  last updated at 12 11 45am ,official,fl511_northeast,Florida,Cleared  Planned construction in Duval on I-295 W south before Duval Rd right lane blocked  Last updated at 12 11 45AM ,0
2019-07-31 07:38:10,,[],1156469083552006146,cleared  planned construction in duval on i-295 e north beyond alta dr left lane blocked  last updated at 01 44 13am ,official,fl511_northeast,Florida,Cleared  Planned construction in Duval on I-295 E north beyond Alta Dr left lane blocked  Last updated at 01 44 13AM ,0
2019-07-31 06:45:10,,[],1156455745782726656,updated  planned construction in duval on i-295 w south at exit 10 us-17 2 left lanes blocked  last updated at    ,official,fl511_northeast,Florida,Updated  Planned construction in Duval on I-295 W south at Exit 10 US-17 2 left lanes blocked  Last updated at    ,1
2019-07-31 05:45:09,,[],1156440641360076800,new  planned construction in duval on i-295 e north beyond alta dr left lane blocked  last updated at    ,official,fl511_northeast,Florida,New  Planned construction in Duval on I-295 E north beyond Alta Dr left lane blocked  Last updated at    ,1
2019-07-31 05:43:08,,[],1156440136823054336,cleared  planned construction in duval on i-295 e north beyond alta dr right lane blocked  last updated at 12 09 47am ,official,fl511_northeast,Florida,Cleared  Planned construction in Duval on I-295 E north beyond Alta Dr right lane blocked  Last updated at 12 09 47AM ,0
2019-07-31 05:28:09,,[],1156436364809969664,updated  planned construction in duval on i-295 w south at exit 10 us-17 left lane blocked  last updated at    ,official,fl511_northeast,Florida,Updated  Planned construction in Duval on I-295 W south at Exit 10 US-17 left lane blocked  Last updated at    ,1
2019-07-31 04:47:07,,[],1156426038085394432,cleared  crash in duval on i-295 e north at exit 40 alta dr 2 left lanes blocked  content provided by waze  last updated at 12 10 14am ,official,fl511_northeast,Florida,Cleared  Crash in Duval on I-295 E north at Exit 40 Alta Dr 2 left lanes blocked  Content provided by Waze  Last updated at 12 10 14AM ,0
2019-07-31 04:29:07,,[],1156421508975222784,cleared  planned construction in duval on us-90   beach blvd east at forest blvd left lane blocked  last updated at 12 09 42am ,official,fl511_northeast,Florida,Cleared  Planned construction in Duval on US-90   Beach Blvd east at Forest Blvd left lane blocked  Last updated at 12 09 42AM ,0
2019-07-31 04:28:13,,[],1156421280943542272,cleared  planned construction in duval on i-10 west at exit 359 lenox ave left lane blocked  last updated at 12 12 08am ,official,fl511_northeast,Florida,Cleared  Planned construction in Duval on I-10 west at Exit 359 Lenox Ave left lane blocked  Last updated at 12 12 08AM ,0
2019-07-31 04:18:21,,[],1156418798188191744,cleared  crash in duval on i-295 w south at exit 16 103rd st left lane blocked  last updated at 12 11 06am ,official,fl511_northeast,Florida,Cleared  Crash in Duval on I-295 W south at Exit 16 103rd St left lane blocked  Last updated at 12 11 06AM ,0
2019-07-31 04:14:28,,[],1156417821338980353,updated  planned construction in duval on i-10 west at exit 359 lenox ave left lane blocked  last updated at    ,official,fl511_northeast,Florida,Updated  Planned construction in Duval on I-10 west at Exit 359 Lenox Ave left lane blocked  Last updated at    ,1
2019-07-31 04:12:29,,[],1156417323093450752,updated  planned construction in duval on sr-202   butler blvd west at i-295 e all lanes blocked  last updated    ,official,fl511_northeast,Florida,Updated  Planned construction in Duval on SR-202   Butler Blvd west at I-295 E all lanes blocked  Last updated    ,1
2019-07-31 04:12:29,,[],1156417322451648512,updated  planned construction in duval on i-295 e north ramp to exit 53 butler all lanes blocked  last updated    ,official,fl511_northeast,Florida,Updated  Planned construction in Duval on I-295 E north ramp to Exit 53 Butler all lanes blocked  Last updated    ,1
2019-07-31 04:12:29,,[],1156417321784741888,updated  crash in duval on i-295 w south at exit 16 103rd st left lane blocked  last updated at 12 11 06am   ,official,fl511_northeast,Florida,Updated  Crash in Duval on I-295 W south at Exit 16 103rd St left lane blocked  Last updated at 12 11 06AM   ,1
2019-07-31 04:12:29,,[],1156417321206001664,updated  planned construction in duval on i-295 w south before duval rd right lane blocked  last updated at    ,official,fl511_northeast,Florida,Updated  Planned construction in Duval on I-295 W south before Duval Rd right lane blocked  Last updated at    ,1
2019-07-31 04:12:29,,[],1156417320690049024,updated  planned construction in duval on i-295 w north before normandy blvd right lane blocked  last updated at    ,official,fl511_northeast,Florida,Updated  Planned construction in Duval on I-295 W north before Normandy Blvd right lane blocked  Last updated at    ,1
2019-07-31 04:11:23,,[],1156417047003389953,updated  planned construction in duval on i-295 e south ramp to exit 53 butler off-ramp closed  last updated at    ,official,fl511_northeast,Florida,Updated  Planned construction in Duval on I-295 E south ramp to Exit 53 Butler off-ramp closed  Last updated at    ,1
2019-07-31 04:11:23,,[],1156417046432952320,updated  planned construction in duval on sr-21   blanding blvd south at argyle forest blvd left lane blocked     ,official,fl511_northeast,Florida,Updated  Planned construction in Duval on SR-21   Blanding Blvd south at Argyle Forest Blvd left lane blocked     ,1
2019-07-31 04:11:23,,[],1156417045946413056,updated  planned construction in duval on sr-202   butler blvd east ramp from gate pkwy on-ramp closed  last    ,official,fl511_northeast,Florida,Updated  Planned construction in Duval on SR-202   Butler Blvd east ramp from Gate Pkwy on-ramp closed  Last    ,1
2019-07-31 04:11:23,,[],1156417045384323073,updated  planned construction in duval on i-295 e south beyond n main st us-17 right lane blocked  last updated    ,official,fl511_northeast,Florida,Updated  Planned construction in Duval on I-295 E south beyond N Main St US-17 right lane blocked  Last updated    ,1
2019-07-31 04:10:33,,[],1156416835690127360,updated  planned construction in clay on sr-21   blanding blvd north at wells rd 2 left lanes blocked  last    ,official,fl511_northeast,Florida,Updated  Planned construction in Clay on SR-21   Blanding Blvd north at Wells Rd 2 left lanes blocked  Last    ,1
2019-07-31 04:10:33,,[],1156416834201104390,updated  planned construction in duval on i-295 w south at exit 10 us-17 right lane blocked  last updated at    ,official,fl511_northeast,Florida,Updated  Planned construction in Duval on I-295 W south at Exit 10 US-17 right lane blocked  Last updated at    ,1
2019-07-31 04:10:32,,[],1156416833664274432,updated  planned construction in duval on us-90   beach blvd east at forest blvd left lane blocked  last updated    ,official,fl511_northeast,Florida,Updated  Planned construction in Duval on US-90   Beach Blvd east at Forest Blvd left lane blocked  Last updated    ,1
2019-07-31 04:10:32,,[],1156416833039347712,new  planned construction in duval on i-10 west at exit 359 lenox ave left lane blocked  last updated at    ,official,fl511_northeast,Florida,New  Planned construction in Duval on I-10 west at Exit 359 Lenox Ave left lane blocked  Last updated at    ,1
2019-07-31 04:06:14,,[],1156415751034671104,cleared  planned construction in duval on i-10 east before cassat left lane blocked  last updated at 09 35 15pm ,official,fl511_northeast,Florida,Cleared  Planned construction in Duval on I-10 east before Cassat left lane blocked  Last updated at 09 35 15PM ,0
2019-07-31 04:05:22,,[],1156415529541873669,updated  planned construction in duval on sr-202   butler blvd east at gate pkwy all lanes blocked  last updated    ,official,fl511_northeast,Florida,Updated  Planned construction in Duval on SR-202   Butler Blvd east at Gate Pkwy all lanes blocked  Last updated    ,1
2019-07-31 04:04:07,,[],1156415217791840257,new  planned construction in duval on sr-202   butler blvd east at gate pkwy all lanes blocked  last updated at    ,official,fl511_northeast,Florida,New  Planned construction in Duval on SR-202   Butler Blvd east at Gate Pkwy all lanes blocked  Last updated at    ,1
2019-07-31 03:56:18,,[],1156413248629039104,updated  crash in duval on i-295 w south at exit 16 103rd st left lane blocked  last updated at 11 55 59pm   ,official,fl511_northeast,Florida,Updated  Crash in Duval on I-295 W south at Exit 16 103rd St left lane blocked  Last updated at 11 55 59PM   ,1
2019-07-31 03:39:08,,[],1156408928651096065,new  planned construction in duval on i-295 w south before duval rd right lane blocked  last updated at    ,official,fl511_northeast,Florida,New  Planned construction in Duval on I-295 W south before Duval Rd right lane blocked  Last updated at    ,1
2019-07-31 03:35:37,,[],1156408043875241984,updated  crash in duval on i-295 w south at exit 16 103rd st left lane blocked  last updated at 11 33 17pm   ,official,fl511_northeast,Florida,Updated  Crash in Duval on I-295 W south at Exit 16 103rd St left lane blocked  Last updated at 11 33 17PM   ,1
2019-07-31 03:27:11,,[],1156405920307568640,updated  planned construction in duval on i-95 north beyond atlantic blvd 2 right lanes blocked  last updated at    ,official,fl511_northeast,Florida,Updated  Planned construction in Duval on I-95 north beyond Atlantic Blvd 2 right lanes blocked  Last updated at    ,1
2019-07-31 03:20:27,,[],1156404228761538560,new  planned construction in duval on i-95 north beyond atlantic blvd right lane blocked  last updated at    ,official,fl511_northeast,Florida,New  Planned construction in Duval on I-95 north beyond Atlantic Blvd right lane blocked  Last updated at    ,1
2019-07-31 03:20:15,,[],1156404175615528960,jacksonville  all lanes of butler blvd eastbound and westbound at i-295 are closed due to construction  use    ,official,fl511_northeast,Florida,Jacksonville  All lanes of Butler Blvd eastbound and westbound at I-295 are closed due to construction  Use    ,1
2019-07-31 03:15:29,,"[{'text': 'JSO', 'indices': [0, 4]}]",1156402976002625536,#jso is working a person shot in the 2400 block of w  lincoln court ,official,JSOPIO,Florida,#JSO is working a person shot in the 2400 block of W  Lincoln Court ,0
2019-07-31 03:10:08,,[],1156401632709632001,new  planned construction in duval on sr-202   butler blvd west at i-295 e all lanes blocked  last updated at    ,official,fl511_northeast,Florida,New  Planned construction in Duval on SR-202   Butler Blvd west at I-295 E all lanes blocked  Last updated at    ,1
2019-07-31 03:04:29,,[],1156400211641737217,updated  crash in duval on i-295 w south at exit 16 103rd st left lane blocked  last updated at 11 03 37pm   ,official,fl511_northeast,Florida,Updated  Crash in Duval on I-295 W south at Exit 16 103rd St left lane blocked  Last updated at 11 03 37PM   ,1
2019-07-31 03:04:29,,[],1156400209980792832,new  planned construction in duval on i-295 e north ramp to exit 53 butler all lanes blocked  last updated at    ,official,fl511_northeast,Florida,New  Planned construction in Duval on I-295 E north ramp to Exit 53 Butler all lanes blocked  Last updated at    ,1
2019-07-31 03:03:56,,[],1156400069123465216,"arrest made in jail murder that occurred today 

paul dixon 43 years old was arrested for killing his cell-mate â€¦  ",official,JSOPIO,Florida,"Arrest made in jail murder that occurred today 

Paul Dixon 43 years old was arrested for killing his cell-mate â€¦  ",0
2019-07-31 03:02:49,,[],1156399791942885376,new  planned construction in duval on i-295 w north before normandy blvd right lane blocked  last updated at    ,official,fl511_northeast,Florida,New  Planned construction in Duval on I-295 W north before Normandy Blvd right lane blocked  Last updated at    ,1
2019-07-31 02:51:09,,"[{'text': 'fl511', 'indices': [105, 111]}]",1156396852461428736,new  crash in duval on i-295 w south at exit 16 103rd st left lane blocked  last updated at 10 50 41pm  #fl511  ,official,fl511_northeast,Florida,New  Crash in Duval on I-295 W south at Exit 16 103rd St left lane blocked  Last updated at 10 50 41PM  #fl511  ,1
2019-07-31 02:45:09,,[],1156395342981685248,new  planned construction in duval on sr-202   butler blvd east ramp from gate pkwy on-ramp closed  last updated    ,official,fl511_northeast,Florida,New  Planned construction in Duval on SR-202   Butler Blvd east ramp from Gate Pkwy on-ramp closed  Last updated    ,1
2019-07-31 02:40:12,,"[{'text': 'JSO', 'indices': [0, 4]}]",1156394100444319744,#jso is working a person shot near e  44th street and telfair street ,official,JSOPIO,Florida,#JSO is working a person shot near E  44th Street and Telfair Street ,0
2019-07-31 02:25:07,,[],1156390302220988417,new  planned construction in duval on i-295 e south beyond n main st us-17 right lane blocked  last updated at    ,official,fl511_northeast,Florida,New  Planned construction in Duval on I-295 E south beyond N Main St US-17 right lane blocked  Last updated at    ,1
2019-07-31 02:23:13,,[],1156389824175181824,new  planned construction in alachua on i-75 south ramp to exit 384 sr-24 off-ramp left lanes blocked  last    ,official,fl511_northeast,Florida,New  Planned construction in Alachua on I-75 south ramp to Exit 384 SR-24 off-ramp left lanes blocked  Last    ,1
2019-07-31 02:20:12,,[],1156389063294894081,updated  planned construction in alachua on sr-24   archer rd east at i-75 2 right lanes blocked  last updated    ,official,fl511_northeast,Florida,Updated  Planned construction in Alachua on SR-24   Archer Rd east at I-75 2 right lanes blocked  Last updated    ,1
2019-07-31 02:16:27,,[],1156388120490852352,updated  planned construction in columbia on i-10 west ramp to exit 296 i-75 right lane blocked  last updated at    ,official,fl511_northeast,Florida,Updated  Planned construction in Columbia on I-10 west ramp to Exit 296 I-75 right lane blocked  Last updated at    ,1
2019-07-31 02:16:27,,[],1156388119748456448,new  planned construction in duval on sr-21   blanding blvd south at argyle forest blvd left lane blocked  last    ,official,fl511_northeast,Florida,New  Planned construction in Duval on SR-21   Blanding Blvd south at Argyle Forest Blvd left lane blocked  Last    ,1
2019-07-31 02:15:20,,[],1156387838574960641,updated  planned construction in columbia on i-75 north at exit 435 i-10 2 left lanes blocked  last updated at    ,official,fl511_northeast,Florida,Updated  Planned construction in Columbia on I-75 north at Exit 435 I-10 2 left lanes blocked  Last updated at    ,1
2019-07-31 02:15:19,,[],1156387837828325377,updated  planned construction in columbia on i-75 south at exit 435 i-10 2 left lanes blocked  last updated at    ,official,fl511_northeast,Florida,Updated  Planned construction in Columbia on I-75 south at Exit 435 I-10 2 left lanes blocked  Last updated at    ,1
2019-07-31 02:14:10,,[],1156387547104329732,new  planned construction in duval on i-295 e south ramp to exit 53 butler off-ramp closed  last updated at    ,official,fl511_northeast,Florida,New  Planned construction in Duval on I-295 E south ramp to Exit 53 Butler off-ramp closed  Last updated at    ,1
2019-07-31 01:47:28,,[],1156380825920909312,updated  planned construction in alachua on sr-24   archer rd east at i-75 right lane blocked  last updated at    ,official,fl511_northeast,Florida,Updated  Planned construction in Alachua on SR-24   Archer Rd east at I-75 right lane blocked  Last updated at    ,1
2019-07-31 01:36:15,,[],1156378005243121664,updated  planned construction in duval on i-10 east before cassat left lane blocked  last updated at 09 35 15pm   ,official,fl511_northeast,Florida,Updated  Planned construction in Duval on I-10 east before Cassat left lane blocked  Last updated at 09 35 15PM   ,1
2019-07-31 01:35:37,,[],1156377845524025344,updated  planned construction in duval on i-295 e north beyond alta dr right lane blocked  last updated at    ,official,fl511_northeast,Florida,Updated  Planned construction in Duval on I-295 E north beyond Alta Dr right lane blocked  Last updated at    ,1
2019-07-31 01:35:37,,[],1156377844454436864,updated  crash in duval on i-295 e north at exit 40 alta dr 2 left lanes blocked  content provided by waze  last    ,official,fl511_northeast,Florida,Updated  Crash in Duval on I-295 E north at Exit 40 Alta Dr 2 left lanes blocked  Content provided by Waze  Last    ,1
2019-07-31 01:29:51,,"[{'text': '9PMRoutine', 'indices': [41, 52]}]",1156376393682509831,"your community your commitment 

do the #9pmroutine 

ðŸŒ¹remove guns from vehicle
ðŸŒ¹remove valuables from vehicle
ðŸŒ¹reâ€¦  ",official,JSOPIO,Florida,"Your community your commitment 

Do the #9PMRoutine 

ðŸŒ¹Remove guns from vehicle
ðŸŒ¹Remove valuables from vehicle
ðŸŒ¹Reâ€¦  ",0
2019-07-31 01:23:13,,[],1156374724588507136,new  planned construction in duval on i-10 east at exit 357 lane ave left lane blocked  last updated at    ,official,fl511_northeast,Florida,New  Planned construction in Duval on I-10 east at Exit 357 Lane Ave left lane blocked  Last updated at    ,1
2019-07-31 01:17:59,,[],1156373409527451650,new  planned construction in duval on i-295 w north at exit 33 duval rd right lane blocked  last updated at    ,official,fl511_northeast,Florida,New  Planned construction in Duval on I-295 W north at Exit 33 Duval Rd right lane blocked  Last updated at    ,1
2019-07-31 01:09:09,,[],1156371184445009920,new  planned construction in duval on i-295 e north at exit 40 alta dr right lane blocked  last updated at    ,official,fl511_northeast,Florida,New  Planned construction in Duval on I-295 E north at Exit 40 Alta Dr right lane blocked  Last updated at    ,1
2019-07-31 01:07:10,,[],1156370687566778368,new  planned construction in duval on i-295 w south at exit 10 us-17 right lane blocked  last updated at    ,official,fl511_northeast,Florida,New  Planned construction in Duval on I-295 W south at Exit 10 US-17 right lane blocked  Last updated at    ,1
2019-07-31 00:49:13,,[],1156366167117914112,new  planned construction in duval on us-90   beach blvd east at forest blvd left lane blocked  last updated at    ,official,fl511_northeast,Florida,New  Planned construction in Duval on US-90   Beach Blvd east at Forest Blvd left lane blocked  Last updated at    ,1
2019-07-31 00:44:15,,"[{'text': 'JSO', 'indices': [0, 4]}]",1156364919543148545,#jso is working a person shot near owen avenue and plum street ,official,JSOPIO,Florida,#JSO is working a person shot near Owen Avenue and Plum Street ,0
2019-07-31 00:43:34,,"[{'text': 'JSO', 'indices': [0, 4]}]",1156364746377089031,#jso is working a person shot near grunthal street and w  state street ,official,JSOPIO,Florida,#JSO is working a person shot near Grunthal Street and W  State Street ,0
2019-07-31 00:39:11,,[],1156363643195445250,new  planned construction in clay on sr-21   blanding blvd north at wells rd 2 left lanes blocked  last updated    ,official,fl511_northeast,Florida,New  Planned construction in Clay on SR-21   Blanding Blvd north at Wells Rd 2 left lanes blocked  Last updated    ,1
2019-07-31 00:35:05,,[],1156362611035955200,15 new police officers sworn in tonight and are ready to hit the street to serve and protect our community   congraâ€¦  ,official,JSOPIO,Florida,15 new police officers sworn in tonight and are ready to hit the street to serve and protect our community   Congraâ€¦  ,0
2019-07-31 00:30:01,,[],1156361334998654976,jacksonville  there is construction on us-301 at i-10  use caution in the area and follow posted detours   ,official,fl511_northeast,Florida,Jacksonville  There is construction on US-301 at I-10  Use caution in the area and follow posted detours   ,0
2019-07-31 00:27:07,,[],1156360607836381185,attention motorists  511 will be down from 10pm through 6am   ,official,fl511_northeast,Florida,Attention Motorists  511 will be down from 10PM through 6AM   ,0
2019-07-31 00:03:11,,[],1156354583939223555,cleared  traffic congestion in duval on i-295 w north from beyond i-95 to at exit 5 san jose  last updated at 07 42 46pm ,official,fl511_northeast,Florida,Cleared  Traffic congestion in Duval on I-295 W north from beyond I-95 to at Exit 5 San Jose  Last updated at 07 42 46PM ,0
2019-07-30 23:55:12,,[],1156352573013725184,cleared  multi-vehicle crash in duval on i-295 w north at exit 5 san jose left lane blocked  last updated at 07 41 26pm ,official,fl511_northeast,Florida,Cleared  Multi-vehicle crash in Duval on I-295 W north at Exit 5 San Jose left lane blocked  Last updated at 07 41 26PM ,0
2019-07-30 23:18:14,,[],1156343270315831302,updated  multi-vehicle crash in duval on i-295 w north at exit 5 san jose left lane blocked  last updated at    ,official,fl511_northeast,Florida,Updated  Multi-vehicle crash in Duval on I-295 W north at Exit 5 San Jose left lane blocked  Last updated at    ,1
2019-07-30 22:41:24,,[],1156334002594361349,updated  traffic congestion in duval on i-295 w north from beyond i-95 to at exit 5 san jose  last updated at    ,official,fl511_northeast,Florida,Updated  Traffic congestion in Duval on I-295 W north from beyond I-95 to at Exit 5 San Jose  Last updated at    ,1
2019-07-30 22:24:02,,[],1156329631970189313,next of kin has been made with the victimâ€™s family in reference to the death in the jail   we are putting this outâ€¦  ,official,JSOPIO,Florida,Next of kin has been made with the victimâ€™s family in reference to the death in the jail   We are putting this outâ€¦  ,0
2019-07-30 22:17:10,,[],1156327905644994560,new  traffic congestion in duval on i-295 w north at exit 5 san jose and traffic backed up until beyond i-95     ,official,fl511_northeast,Florida,New  Traffic congestion in Duval on I-295 W north at Exit 5 San Jose and traffic backed up until beyond I-95     ,1
2019-07-30 22:16:12,,"[{'text': 'fl511', 'indices': [104, 110]}]",1156327659485454336,new  crash in duval on i-295 w north at exit 5 san jose left lane blocked  last updated at 06 15 56pm  #fl511  ,official,fl511_northeast,Florida,New  Crash in Duval on I-295 W north at Exit 5 San Jose left lane blocked  Last updated at 06 15 56PM  #fl511  ,1
2019-07-30 22:06:12,,[],1156325144845062145,cleared  disabled vehicle in duval on i-295 e north at dames point right lane blocked  content provided by waze  last updated at   ,official,fl511_northeast,Florida,Cleared  Disabled vehicle in Duval on I-295 E north at Dames Point right lane blocked  Content provided by Waze  Last updated at   ,0
2019-07-30 22:03:15,,[],1156324401610153985,new  disabled vehicle in duval on i-295 e north at dames point right lane blocked  content provided by waze     ,official,fl511_northeast,Florida,New  Disabled vehicle in Duval on I-295 E north at Dames Point right lane blocked  Content provided by Waze     ,1
2019-07-30 21:51:16,,[],1156321385301651456,updated  crash in duval on i-95 south at exit 347 emerson right lane blocked  last updated at 05 45 57pm   ,official,fl511_northeast,Florida,Updated  Crash in Duval on I-95 south at Exit 347 Emerson right lane blocked  Last updated at 05 45 57PM   ,1
2019-07-30 20:55:05,,[],1156307247099723782,updated  disabled vehicle in nassau on i-10 west at mm 340 right lane blocked  last updated at 04 54 06pm   ,official,fl511_northeast,Florida,Updated  Disabled vehicle in Nassau on I-10 west at MM 340 right lane blocked  Last updated at 04 54 06PM   ,1
2019-07-30 20:54:07,,[],1156307002005606403,updated  disabled vehicle in nassau on i-10 west at mm 340 right lane blocked  last updated at 04 53 50pm   ,official,fl511_northeast,Florida,Updated  Disabled vehicle in Nassau on I-10 west at MM 340 right lane blocked  Last updated at 04 53 50PM   ,1
2019-07-30 20:51:13,,"[{'text': 'JSO', 'indices': [54, 58]}]",1156306274973290498,"armed robbery and kidnapping suspects still sought by #jso   we have new information - tattoos and a vehicle 

ðŸ”ºanyâ€¦  ",official,JSOPIO,Florida,"Armed Robbery and Kidnapping suspects still sought by #JSO   We have new information - Tattoos and a vehicle 

ðŸ”ºAnyâ€¦  ",0
2019-07-30 20:49:15,,[],1156305777830912002,updated  disabled vehicle in nassau on i-10 west at mm 340 right lane blocked  last updated at 04 48 22pm   ,official,fl511_northeast,Florida,Updated  Disabled vehicle in Nassau on I-10 west at MM 340 right lane blocked  Last updated at 04 48 22PM   ,1
2019-07-30 20:26:05,,[],1156299949031796743,cleared  draw bridge in up position in duval on main street bridge south at st johns river all lanes blocked  last updated at 04 18 49pm ,official,fl511_northeast,Florida,Cleared  Draw bridge in up position in Duval on Main Street Bridge south at St Johns River all lanes blocked  Last updated at 04 18 49PM ,0
2019-07-30 20:25:18,,[],1156299753489145858,cleared  draw bridge in up position in duval on main street bridge north at st johns river all lanes blocked  last updated at 04 18 31pm ,official,fl511_northeast,Florida,Cleared  Draw bridge in up position in Duval on Main Street Bridge north at St Johns River all lanes blocked  Last updated at 04 18 31PM ,0
2019-07-30 20:19:10,,[],1156298207187673088,new  draw bridge in up position in duval on main street bridge north at st johns river all lanes blocked  last    ,official,fl511_northeast,Florida,New  Draw bridge in up position in Duval on Main Street Bridge north at St Johns River all lanes blocked  Last    ,1
2019-07-30 20:19:10,,[],1156298206399160321,new  draw bridge in up position in duval on main street bridge south at st johns river all lanes blocked  last    ,official,fl511_northeast,Florida,New  Draw bridge in up position in Duval on Main Street Bridge south at St Johns River all lanes blocked  Last    ,1
2019-07-30 20:02:11,,"[{'text': 'fl511', 'indices': [104, 110]}]",1156293934076874752,new  disabled vehicle in nassau on i-10 west at mm 340 right lane blocked  last updated at 04 00 13pm  #fl511  ,official,fl511_northeast,Florida,New  Disabled vehicle in Nassau on I-10 west at MM 340 right lane blocked  Last updated at 04 00 13PM  #fl511  ,1
2019-07-30 19:40:22,,[],1156288442273325056,st  augustine  due to a crash all lanes are blocked on a1a at village dr  use caution in the area and seek an    ,official,fl511_northeast,Florida,St  Augustine  Due to a crash all lanes are blocked on A1A at Village Dr  Use caution in the area and seek an    ,1
2019-07-30 19:39:56,,"[{'text': 'JSO', 'indices': [95, 99]}]",1156288333280157696,jail death investigation - foul play is suspected   this is the latest information released by #jso   ,official,JSOPIO,Florida,Jail death investigation - Foul play is suspected   This is the latest information released by #JSO   ,0
2019-07-30 19:00:10,,[],1156278327172317185,cleared  emergency road construction in columbia on i-75 south at exit 435 i-10 right lane blocked  last updated at 12 05 04pm ,official,fl511_northeast,Florida,Cleared  Emergency road construction in Columbia on I-75 south at Exit 435 I-10 right lane blocked  Last updated at 12 05 04PM ,0
2019-07-30 18:58:14,,[],1156277842780598272,cleared  emergency road construction in columbia on i-75 north at exit 435 i-10 right lane blocked  last updated at 12 04 56pm ,official,fl511_northeast,Florida,Cleared  Emergency road construction in Columbia on I-75 north at Exit 435 I-10 right lane blocked  Last updated at 12 04 56PM ,0
2019-07-30 18:35:55,,[],1156272223776387073,media will be addressed at 3 00pm at the police station downtown   ,official,JSOPIO,Florida,Media will be addressed at 3 00PM at the police station downtown   ,0
2019-07-30 18:24:26,,[],1156269334790119425,cleared  planned construction in duval on wonderwood bridge west at intracoastal right lane blocked  last updated at 07 29 51am ,official,fl511_northeast,Florida,Cleared  Planned construction in Duval on Wonderwood Bridge west at Intracoastal right lane blocked  Last updated at 07 29 51AM ,0
2019-07-30 18:04:19,,[],1156264273666084865,cleared  planned construction in clay on sr-21   blanding blvd south at cr-220 right lane blocked  last updated at 08 41 20am ,official,fl511_northeast,Florida,Cleared  Planned construction in Clay on SR-21   Blanding Blvd south at CR-220 right lane blocked  Last updated at 08 41 20AM ,0
2019-07-30 17:44:54,,"[{'text': 'JSO', 'indices': [0, 4]}]",1156259385217298439,#jso is working a death investigation at the ptdf located at 500 e  adams street   no time has been set for a briefing at this time ,official,JSOPIO,Florida,#JSO is working a death investigation at the PTDF located at 500 E  Adams Street   No time has been set for a briefing at this time ,0
2019-07-30 17:16:12,,[],1156252163749883904,updated  crash in duval on i-95 north ramp to exit 333 sr-9b off-ramp closed  last updated at 01 15 40pm   ,official,fl511_northeast,Florida,Updated  Crash in Duval on I-95 north ramp to Exit 333 SR-9B off-ramp closed  Last updated at 01 15 40PM   ,1
2019-07-30 17:03:05,,[],1156248863797403649,cleared  draw bridge in up position in duval on main street bridge south at st johns river all lanes blocked  last updated at 01 00 44pm ,official,fl511_northeast,Florida,Cleared  Draw bridge in up position in Duval on Main Street Bridge south at St Johns River all lanes blocked  Last updated at 01 00 44PM ,0
2019-07-30 17:03:05,,[],1156248863193255936,cleared  draw bridge in up position in duval on main street bridge north at st johns river all lanes blocked  last updated at 01 00 23pm ,official,fl511_northeast,Florida,Cleared  Draw bridge in up position in Duval on Main Street Bridge north at St Johns River all lanes blocked  Last updated at 01 00 23PM ,0
2019-07-30 17:01:12,,[],1156248389581004801,new  draw bridge in up position in duval on main street bridge south at st johns river all lanes blocked  last    ,official,fl511_northeast,Florida,New  Draw bridge in up position in Duval on Main Street Bridge south at St Johns River all lanes blocked  Last    ,1
2019-07-30 17:01:12,,[],1156248388922486785,new  draw bridge in up position in duval on main street bridge north at st johns river all lanes blocked  last    ,official,fl511_northeast,Florida,New  Draw bridge in up position in Duval on Main Street Bridge north at St Johns River all lanes blocked  Last    ,1
2019-07-30 16:08:22,,[],1156235091628232706,updated  crash in duval on i-95 north ramp to exit 333 sr-9b off-ramp closed  last updated at 12 07 34pm   ,official,fl511_northeast,Florida,Updated  Crash in Duval on I-95 north ramp to Exit 333 SR-9B off-ramp closed  Last updated at 12 07 34PM   ,1
2019-07-30 16:07:24,,[],1156234850241851392,cleared  crash in duval on mathews bridge west at st johns river left lane blocked  last updated at 08 55 06am ,official,fl511_northeast,Florida,Cleared  Crash in Duval on Mathews Bridge west at St Johns River left lane blocked  Last updated at 08 55 06AM ,0
2019-07-30 15:57:06,,"[{'text': 'fl511', 'indices': [103, 109]}]",1156232256652025858,new  crash in duval on i-95 north ramp to exit 333 sr-9b off-ramp closed  last updated at 11 56 58am  #fl511  ,official,fl511_northeast,Florida,New  Crash in Duval on I-95 north ramp to Exit 333 SR-9B off-ramp closed  Last updated at 11 56 58AM  #fl511  ,1
2019-07-30 15:21:25,,[],1156223275892166656,wild and exciting times with the  jaxshrimp and  dctjax tonight at the baseball grounds  we will have representativâ€¦  ,official,JSOPIO,Florida,Wild and Exciting times with the  JaxShrimp and  DCTJAX tonight at the Baseball Grounds  We will have representativâ€¦  ,0
2019-07-30 14:27:55,,[],1156209811391991818,crews are responding along with st johnâ€™s county units to a traffic accident on i95 northbound north of 9b    e62 iâ€¦  ,official,JFRDJAX,Florida,Crews are responding along with St Johnâ€™s County units to a traffic accident on I95 northbound north of 9B    E62 iâ€¦  ,1
2019-07-30 13:15:08,,[],1156191494937698310,cleared  multi-vehicle crash in duval on i-295 w south ramp to exit 61 i-95 off-ramp left lane blocked  last updated at 08 42 10am ,official,fl511_northeast,Florida,Cleared  Multi-vehicle crash in Duval on I-295 W south ramp to Exit 61 I-95 off-ramp left lane blocked  Last updated at 08 42 10AM ,0
2019-07-30 12:56:12,,[],1156186733689659393,updated  crash in duval on mathews bridge west at st johns river left lane blocked  last updated at 08 55 06am   ,official,fl511_northeast,Florida,Updated  Crash in Duval on Mathews Bridge west at St Johns River left lane blocked  Last updated at 08 55 06AM   ,1
2019-07-30 12:43:13,,[],1156183465194393600,updated  multi-vehicle crash in duval on i-295 w south ramp to exit 61 i-95 off-ramp left lane blocked  last    ,official,fl511_northeast,Florida,Updated  Multi-vehicle crash in Duval on I-295 W south ramp to Exit 61 I-95 off-ramp left lane blocked  Last    ,1
2019-07-30 12:42:18,,[],1156183235249999872,new  planned construction in clay on sr-21   blanding blvd south at cr-220 right lane blocked  last updated at    ,official,fl511_northeast,Florida,New  Planned construction in Clay on SR-21   Blanding Blvd south at CR-220 right lane blocked  Last updated at    ,1
2019-07-30 12:41:06,,[],1156182932291293184,cleared  draw bridge in up position in duval on main street bridge south at st johns river all lanes blocked  last updated at 08 37 08am ,official,fl511_northeast,Florida,Cleared  Draw bridge in up position in Duval on Main Street Bridge south at St Johns River all lanes blocked  Last updated at 08 37 08AM ,0
2019-07-30 12:41:06,,[],1156182931611836416,cleared  draw bridge in up position in duval on main street bridge north at st johns river all lanes blocked  last updated at 08 36 51am ,official,fl511_northeast,Florida,Cleared  Draw bridge in up position in Duval on Main Street Bridge north at St Johns River all lanes blocked  Last updated at 08 36 51AM ,0
2019-07-30 12:38:51,,[],1156182367846969344,new  draw bridge in up position in duval on main street bridge south at st johns river all lanes blocked  last    ,official,fl511_northeast,Florida,New  Draw bridge in up position in Duval on Main Street Bridge south at St Johns River all lanes blocked  Last    ,1
2019-07-30 12:38:51,,[],1156182367188455424,new  draw bridge in up position in duval on main street bridge north at st johns river all lanes blocked  last    ,official,fl511_northeast,Florida,New  Draw bridge in up position in Duval on Main Street Bridge north at St Johns River all lanes blocked  Last    ,1
2019-07-30 12:38:23,,[],1156182249727037445,st  augustine  there is construction on sr-16 between rues landing rd and international golf parkway  use caution    ,official,fl511_northeast,Florida,St  Augustine  There is construction on SR-16 between Rues Landing RD and International Golf Parkway  Use caution    ,0
2019-07-30 12:35:31,,"[{'text': 'ANJTraffic', 'indices': [49, 60]}]",1156181528810012674,835a- big 3 travel times   delays linger on i 10 #anjtraffic  actionnewsjax  ,official,ActionTraffic,Florida,835a- BIG 3 travel times   delays linger on I 10 #ANJTraffic  ActionNewsJax  ,1
2019-07-30 12:23:37,,[],1156178531539410944,updated  crash in duval on i-295 w south ramp to exit 61 i-95 off-ramp left lane blocked  last updated at    ,official,fl511_northeast,Florida,Updated  Crash in Duval on I-295 W south ramp to Exit 61 I-95 off-ramp left lane blocked  Last updated at    ,1
2019-07-30 12:23:15,,[],1156178440493633538,jacksonville  there is construction on new kings rd from dunn ave to woodley rd  use caution in the area   ,official,fl511_northeast,Florida,Jacksonville  There is construction on New Kings RD from Dunn Ave to Woodley Rd  Use caution in the area   ,0
2019-07-30 12:17:11,,[],1156176914257760256,updated  crash in duval on mathews bridge west at st johns river left lane blocked  last updated at 08 16 59am   ,official,fl511_northeast,Florida,Updated  Crash in Duval on Mathews Bridge west at St Johns River left lane blocked  Last updated at 08 16 59AM   ,1
2019-07-30 12:13:25,,"[{'text': 'firstalertwx', 'indices': [20, 33]}]",1156175967263571969,rt  mikefirstalert  #firstalertwx you can drop off donations through 3pm at the town center  maggianos round-about - see ya there   wokvneâ€¦,official,ActionTraffic,Florida,RT  MikeFirstAlert  #firstalertwx you can drop off donations through 3pm at the Town Center  Maggianos round-about - see ya there   WOKVNeâ€¦,0
2019-07-30 12:05:32,,[],1156173982795816961,805am- crash wb on the mathews bridge    1 lane blocked causing heavy delays    hart bridge is your alternate routeâ€¦  ,official,ActionTraffic,Florida,805am- Crash WB on the Mathews Bridge    1 lane blocked causing heavy delays    Hart Bridge is your alternate routeâ€¦  ,1
2019-07-30 12:04:13,,[],1156173651676475393,updated  crash in duval on mathews bridge west at st johns river left lane blocked  last updated at 08 03 57am   ,official,fl511_northeast,Florida,Updated  Crash in Duval on Mathews Bridge west at St Johns River left lane blocked  Last updated at 08 03 57AM   ,1
2019-07-30 12:02:23,,"[{'text': 'fl511', 'indices': [109, 115]}]",1156173190097461250,new  crash in duval on mathews bridge west at st johns river left lane blocked  last updated at 08 01 33am  #fl511  ,official,fl511_northeast,Florida,New  Crash in Duval on Mathews Bridge west at St Johns River left lane blocked  Last updated at 08 01 33AM  #fl511  ,1
2019-07-30 11:59:59,,[],1156172586537103362,crews are responding to a traffic accident westbound on the matthews bridge from both directions because of heavy traffic    expect delays ,official,JFRDJAX,Florida,Crews are responding to a traffic accident westbound on the Matthews Bridge from both directions because of heavy traffic    expect delays ,1
2019-07-30 11:53:06,,[],1156170852846702593,updated  multi-vehicle crash in duval on i-95 south at exit 356 lem turner 2 right lanes blocked  content    ,official,fl511_northeast,Florida,Updated  Multi-vehicle crash in Duval on I-95 south at Exit 356 Lem Turner 2 right lanes blocked  Content    ,1
2019-07-30 11:52:52,,[],1156170794646609921,lake city  there is construction on sr-100 east of cr-241  use caution in the area   ,official,fl511_northeast,Florida,Lake city  There is construction on SR-100 East of CR-241  Use caution in the area   ,0
2019-07-30 11:39:10,,[],1156167344877686785,updated  crash in duval on i-95 south at exit 356 lem turner 2 right lanes blocked  content provided by waze     ,official,fl511_northeast,Florida,Updated  Crash in Duval on I-95 south at Exit 356 Lem Turner 2 right lanes blocked  Content provided by Waze     ,1
2019-07-30 11:38:53,,"[{'text': 'ANJTraffic', 'indices': [79, 90]}]",1156167276778967046,735am- crash 95 sb after lem turner  right lanes blocked   expect heavy delays #anjtraffic  actionnewsjax  wokvnews  ,official,ActionTraffic,Florida,735am- Crash 95 SB after Lem Turner  right lanes blocked   expect heavy delays #ANJTraffic  ActionNewsJax  WOKVNews  ,0
2019-07-30 11:37:24,,[],1156166901686575104,cleared  crash in duval on 295 west express north at mm   express lanes closed  content provided by waze  last updated at 07 07 32am ,official,fl511_northeast,Florida,Cleared  Crash in Duval on 295 West Express north at MM   express lanes closed  Content provided by Waze  Last updated at 07 07 32AM ,0
